ID,selected_band_min_hz,selected_band_max_hz,selected_band_score,selected_band_consistency,selected_band_peak_cv,selected_band_snr,IPI,IPI_median_sec,IPI_mean_sec,IPI_std_sec,IPI_cv,PRR_hz,dur_sec,n_pulses,freq_peak_hz,freq_pct5_hz,freq_pct25_hz,freq_pct50_hz,freq_pct75_hz,freq_pct95_hz,freq_IQR_hz,freq_concentration_hz,freq_centroid_hz,spectrum_freq_hz,spectrum_normalized_amplitude
7816.231002191459_10.949090245,480,1040,17.988247553964154,0.8937870858575173,0.11883469320949067,6250.374535339847,[0.11375  0.097375 0.096375 0.085875 0.0905   0.090375 0.111125 0.084   ],0.0934375,0.096171875,0.010332166380259971,0.10743438640725234,10.398050365556458,0.769375,9,929.6875,414.0625,789.0625,1250.0,1914.0625,2554.6875,1125.0,1226.5625,1363.0916449660274,"[ 203.125   210.9375  218.75    226.5625  234.375   242.1875  250.
  257.8125  265.625   273.4375  281.25    289.0625  296.875   304.6875
  312.5     320.3125  328.125   335.9375  343.75    351.5625  359.375
  367.1875  375.      382.8125  390.625   398.4375  406.25    414.0625
  421.875   429.6875  437.5     445.3125  453.125   460.9375  468.75
  476.5625  484.375   492.1875  500.      507.8125  515.625   523.4375
  531.25    539.0625  546.875   554.6875  562.5     570.3125  578.125
  585.9375  593.75    601.5625  609.375   617.1875  625.      632.8125
  640.625   648.4375  656.25    664.0625  671.875   679.6875  687.5
  695.3125  703.125   710.9375  718.75    726.5625  734.375   742.1875
  750.      757.8125  765.625   773.4375  781.25    789.0625  796.875
  804.6875  812.5     820.3125  828.125   835.9375  843.75    851.5625
  859.375   867.1875  875.      882.8125  890.625   898.4375  906.25
  914.0625  921.875   929.6875  937.5     945.3125  953.125   960.9375
  968.75    976.5625  984.375   992.1875 1000.     1007.8125 1015.625
 1023.4375 1031.25   1039.0625 1046.875  1054.6875 1062.5    1070.3125
 1078.125  1085.9375 1093.75   1101.5625 1109.375  1117.1875 1125.
 1132.8125 1140.625  1148.4375 1156.25   1164.0625 1171.875  1179.6875
 1187.5    1195.3125 1203.125  1210.9375 1218.75   1226.5625 1234.375
 1242.1875 1250.     1257.8125 1265.625  1273.4375 1281.25   1289.0625
 1296.875  1304.6875 1312.5    1320.3125 1328.125  1335.9375 1343.75
 1351.5625 1359.375  1367.1875 1375.     1382.8125 1390.625  1398.4375
 1406.25   1414.0625 1421.875  1429.6875 1437.5    1445.3125 1453.125
 1460.9375 1468.75   1476.5625 1484.375  1492.1875 1500.     1507.8125
 1515.625  1523.4375 1531.25   1539.0625 1546.875  1554.6875 1562.5
 1570.3125 1578.125  1585.9375 1593.75   1601.5625 1609.375  1617.1875
 1625.     1632.8125 1640.625  1648.4375 1656.25   1664.0625 1671.875
 1679.6875 1687.5    1695.3125 1703.125  1710.9375 1718.75   1726.5625
 1734.375  1742.1875 1750.     1757.8125 1765.625  1773.4375 1781.25
 1789.0625 1796.875  1804.6875 1812.5    1820.3125 1828.125  1835.9375
 1843.75   1851.5625 1859.375  1867.1875 1875.     1882.8125 1890.625
 1898.4375 1906.25   1914.0625 1921.875  1929.6875 1937.5    1945.3125
 1953.125  1960.9375 1968.75   1976.5625 1984.375  1992.1875 2000.
 2007.8125 2015.625  2023.4375 2031.25   2039.0625 2046.875  2054.6875
 2062.5    2070.3125 2078.125  2085.9375 2093.75   2101.5625 2109.375
 2117.1875 2125.     2132.8125 2140.625  2148.4375 2156.25   2164.0625
 2171.875  2179.6875 2187.5    2195.3125 2203.125  2210.9375 2218.75
 2226.5625 2234.375  2242.1875 2250.     2257.8125 2265.625  2273.4375
 2281.25   2289.0625 2296.875  2304.6875 2312.5    2320.3125 2328.125
 2335.9375 2343.75   2351.5625 2359.375  2367.1875 2375.     2382.8125
 2390.625  2398.4375 2406.25   2414.0625 2421.875  2429.6875 2437.5
 2445.3125 2453.125  2460.9375 2468.75   2476.5625 2484.375  2492.1875
 2500.     2507.8125 2515.625  2523.4375 2531.25   2539.0625 2546.875
 2554.6875 2562.5    2570.3125 2578.125  2585.9375 2593.75   2601.5625
 2609.375  2617.1875 2625.     2632.8125 2640.625  2648.4375 2656.25
 2664.0625 2671.875  2679.6875 2687.5    2695.3125 2703.125  2710.9375
 2718.75   2726.5625 2734.375  2742.1875 2750.     2757.8125 2765.625
 2773.4375 2781.25   2789.0625 2796.875  2804.6875 2812.5    2820.3125
 2828.125  2835.9375 2843.75   2851.5625 2859.375  2867.1875 2875.
 2882.8125 2890.625  2898.4375 2906.25   2914.0625 2921.875  2929.6875
 2937.5    2945.3125 2953.125  2960.9375 2968.75   2976.5625 2984.375
 2992.1875 3000.     3007.8125]","[5.51436266e-04 6.59229376e-04 7.29286884e-04 7.77175759e-04
 8.63807137e-04 8.33731889e-04 8.88333981e-04 8.13349219e-04
 8.32302611e-04 8.78791129e-04 9.52190681e-04 1.04867473e-03
 1.36435420e-03 1.57033345e-03 1.73689221e-03 1.94284415e-03
 2.17599107e-03 2.34774310e-03 2.50625835e-03 2.63688231e-03
 2.74766096e-03 2.87856171e-03 3.00686450e-03 3.11293502e-03
 3.20906925e-03 3.30651728e-03 3.40477643e-03 3.47727584e-03
 3.53182763e-03 3.57771919e-03 3.61495666e-03 3.64939865e-03
 3.68240485e-03 3.71723266e-03 3.76031006e-03 3.80973118e-03
 3.86264532e-03 3.92041651e-03 3.97786131e-03 4.02549122e-03
 4.05625480e-03 4.06721264e-03 4.06053200e-03 4.05414243e-03
 4.07317652e-03 4.10373078e-03 4.11764414e-03 4.11094650e-03
 4.11007702e-03 4.13424852e-03 4.16528798e-03 4.18979495e-03
 4.21357902e-03 4.24252741e-03 4.27328241e-03 4.30444061e-03
 4.33811334e-03 4.36695556e-03 4.38043840e-03 4.37773910e-03
 4.36559083e-03 4.34662588e-03 4.32598684e-03 4.31163526e-03
 4.30646685e-03 4.31718088e-03 4.34216583e-03 4.37157638e-03
 4.39760926e-03 4.41346326e-03 4.41791361e-03 4.42073076e-03
 4.44099098e-03 4.48287021e-03 4.53083625e-03 4.57118569e-03
 4.59904075e-03 4.61559335e-03 4.62318618e-03 4.62229673e-03
 4.61877645e-03 4.62810924e-03 4.64872612e-03 4.67376491e-03
 4.70743995e-03 4.75365959e-03 4.80783158e-03 4.86025002e-03
 4.90071018e-03 4.92443080e-03 4.93553013e-03 4.94282083e-03
 4.94966064e-03 4.95113488e-03 4.94096851e-03 4.91441486e-03
 4.86682781e-03 4.79517485e-03 4.70096977e-03 4.58740855e-03
 4.44931807e-03 4.27140710e-03 4.03790587e-03 3.73794906e-03
 3.36835828e-03 2.96566220e-03 2.90753141e-03 3.06546135e-03
 3.18481501e-03 3.29235649e-03 3.39858690e-03 3.53913282e-03
 3.67302675e-03 3.77212936e-03 3.80154751e-03 3.85832240e-03
 3.83276488e-03 3.95171785e-03 3.97363075e-03 4.00316956e-03
 3.99196719e-03 3.95138147e-03 4.06298992e-03 4.10395135e-03
 4.11598742e-03 4.22418221e-03 4.36856687e-03 4.44458761e-03
 4.45909183e-03 4.41304329e-03 4.30233770e-03 4.14627569e-03
 4.02268769e-03 3.86179031e-03 3.71026665e-03 3.44468757e-03
 3.35029976e-03 3.34756743e-03 3.25136783e-03 3.11181353e-03
 3.05942804e-03 2.97952514e-03 2.86460207e-03 2.73998216e-03
 2.53203485e-03 2.29725611e-03 2.21336825e-03 2.33286218e-03
 2.52540322e-03 2.66258704e-03 2.69491295e-03 2.69154831e-03
 2.76425078e-03 2.93681128e-03 3.01432370e-03 3.11311381e-03
 3.27584720e-03 3.32109037e-03 3.56085177e-03 3.74065089e-03
 3.85452596e-03 3.91179355e-03 3.91989751e-03 3.88348255e-03
 3.80020696e-03 3.67845633e-03 3.57088777e-03 3.53935063e-03
 3.53588700e-03 3.51000900e-03 3.41795972e-03 3.49389023e-03
 3.51258469e-03 3.49952785e-03 3.52004314e-03 3.54231531e-03
 3.58647337e-03 3.71684815e-03 3.85151075e-03 3.93215480e-03
 3.95996731e-03 3.93119525e-03 3.83797097e-03 3.66719478e-03
 3.67107895e-03 3.67328159e-03 3.60877640e-03 3.47724886e-03
 3.32379302e-03 3.21670949e-03 3.09621062e-03 3.10300516e-03
 2.95726532e-03 2.85130286e-03 2.64633408e-03 2.46961298e-03
 2.28647935e-03 2.02265597e-03 1.61036477e-03 1.09887329e-03
 1.17676476e-03 1.48892056e-03 1.83151052e-03 2.05130124e-03
 2.14494133e-03 2.18323897e-03 2.24732636e-03 2.27050157e-03
 2.22799138e-03 2.20847234e-03 2.24566202e-03 2.25268966e-03
 2.20660674e-03 2.13634090e-03 2.08951405e-03 2.21706325e-03
 2.37402119e-03 2.46655522e-03 2.58384042e-03 2.68663970e-03
 2.82491688e-03 3.00259218e-03 3.07511667e-03 3.25689827e-03
 3.34616479e-03 3.38007835e-03 3.36280124e-03 3.31947356e-03
 3.40016212e-03 3.45662649e-03 3.46212572e-03 3.42153237e-03
 3.34280661e-03 3.23607015e-03 3.12086017e-03 3.01855077e-03
 2.94264605e-03 2.86988470e-03 2.80075286e-03 2.77434165e-03
 2.78611428e-03 2.79891675e-03 2.76333030e-03 2.65724330e-03
 2.59364021e-03 2.56017695e-03 2.48768536e-03 2.38420461e-03
 2.24964547e-03 2.07495261e-03 1.84200714e-03 1.52551293e-03
 1.22728445e-03 1.23081443e-03 1.48511307e-03 1.77621588e-03
 1.98000075e-03 2.11993054e-03 2.23483121e-03 2.33593857e-03
 2.41114046e-03 2.40667229e-03 2.60428020e-03 2.71396529e-03
 2.77494586e-03 2.79862636e-03 2.81651399e-03 2.80199718e-03
 2.73224864e-03 2.60800707e-03 2.44771915e-03 2.29833940e-03
 2.15712573e-03 2.12604631e-03 2.02275654e-03 2.05317652e-03
 2.02596916e-03 1.98046231e-03 2.01443413e-03 2.02890792e-03
 1.95047697e-03 2.02849110e-03 2.13845567e-03 2.25829190e-03
 2.37112383e-03 2.40818324e-03 2.38280587e-03 2.32221514e-03
 2.28065611e-03 2.31646453e-03 2.30158566e-03 2.28824005e-03
 2.26879076e-03 2.18680839e-03 2.07936977e-03 1.99919196e-03
 1.94828832e-03 1.83627210e-03 1.65922919e-03 1.44901631e-03
 1.47765878e-03 1.42408496e-03 1.41405372e-03 1.32917848e-03
 1.23141767e-03 1.19105316e-03 1.14604757e-03 1.14117992e-03
 1.19228473e-03 1.19451567e-03 1.34200847e-03 1.47760099e-03
 1.54093026e-03 1.54921936e-03 1.48178717e-03 1.36840953e-03
 1.20590163e-03 9.99866576e-04 8.48310919e-04 8.15190969e-04
 7.52476837e-04 6.83423973e-04 6.19453182e-04 5.99196454e-04
 6.21235802e-04 5.08119886e-04 3.41469946e-04 3.95390459e-04
 2.40189581e-04 1.10804004e-04 1.21904152e-04 1.78106178e-04
 8.98970263e-05 0.00000000e+00 6.10234006e-05 2.20642989e-04
 3.00930445e-04 3.45634946e-04 4.37901088e-04 4.65700985e-04
 4.21401344e-04 5.17026948e-04 4.62966431e-04 6.28374838e-04
 7.74981939e-04 8.06781566e-04 8.10659103e-04 8.68768634e-04
 9.20282763e-04 1.10772119e-03 1.28971105e-03 1.39000594e-03
 1.41195255e-03 1.36717116e-03 1.28251560e-03 1.19399882e-03
 1.19046959e-03 1.10032791e-03 1.08604634e-03 1.05732276e-03]"
7817.230831000000_23.376475542,1040,1600,20.51958082612476,0.8385513851492533,0.19253276270244374,574.7486810303185,"[0.10225  0.098625 0.08275  0.078375 0.07175  0.06675  0.069875 0.058125
 0.05875  0.056875 0.0545   0.054125 0.05425  0.054375 0.05375  0.055
 0.054875 0.053125 0.055125 0.055125 0.055    0.054875 0.055625 0.055625
 0.05425  0.055625 0.053125 0.056375 0.053375 0.0565   0.054375 0.05475
 0.055875 0.055125 0.05675  0.056625 0.055625 0.055    0.0555   0.05475
 0.0565   0.055875 0.057625 0.057    0.116875]",0.055625000000000036,0.06082222222222222,0.013713879042599917,0.22547481071136144,16.441359152356593,2.737,46,1382.8125,468.75,1015.625,1445.3125,1945.3125,2640.625,929.6875,1140.625,1493.5997331214057,"[ 203.125   210.9375  218.75    226.5625  234.375   242.1875  250.
  257.8125  265.625   273.4375  281.25    289.0625  296.875   304.6875
  312.5     320.3125  328.125   335.9375  343.75    351.5625  359.375
  367.1875  375.      382.8125  390.625   398.4375  406.25    414.0625
  421.875   429.6875  437.5     445.3125  453.125   460.9375  468.75
  476.5625  484.375   492.1875  500.      507.8125  515.625   523.4375
  531.25    539.0625  546.875   554.6875  562.5     570.3125  578.125
  585.9375  593.75    601.5625  609.375   617.1875  625.      632.8125
  640.625   648.4375  656.25    664.0625  671.875   679.6875  687.5
  695.3125  703.125   710.9375  718.75    726.5625  734.375   742.1875
  750.      757.8125  765.625   773.4375  781.25    789.0625  796.875
  804.6875  812.5     820.3125  828.125   835.9375  843.75    851.5625
  859.375   867.1875  875.      882.8125  890.625   898.4375  906.25
  914.0625  921.875   929.6875  937.5     945.3125  953.125   960.9375
  968.75    976.5625  984.375   992.1875 1000.     1007.8125 1015.625
 1023.4375 1031.25   1039.0625 1046.875  1054.6875 1062.5    1070.3125
 1078.125  1085.9375 1093.75   1101.5625 1109.375  1117.1875 1125.
 1132.8125 1140.625  1148.4375 1156.25   1164.0625 1171.875  1179.6875
 1187.5    1195.3125 1203.125  1210.9375 1218.75   1226.5625 1234.375
 1242.1875 1250.     1257.8125 1265.625  1273.4375 1281.25   1289.0625
 1296.875  1304.6875 1312.5    1320.3125 1328.125  1335.9375 1343.75
 1351.5625 1359.375  1367.1875 1375.     1382.8125 1390.625  1398.4375
 1406.25   1414.0625 1421.875  1429.6875 1437.5    1445.3125 1453.125
 1460.9375 1468.75   1476.5625 1484.375  1492.1875 1500.     1507.8125
 1515.625  1523.4375 1531.25   1539.0625 1546.875  1554.6875 1562.5
 1570.3125 1578.125  1585.9375 1593.75   1601.5625 1609.375  1617.1875
 1625.     1632.8125 1640.625  1648.4375 1656.25   1664.0625 1671.875
 1679.6875 1687.5    1695.3125 1703.125  1710.9375 1718.75   1726.5625
 1734.375  1742.1875 1750.     1757.8125 1765.625  1773.4375 1781.25
 1789.0625 1796.875  1804.6875 1812.5    1820.3125 1828.125  1835.9375
 1843.75   1851.5625 1859.375  1867.1875 1875.     1882.8125 1890.625
 1898.4375 1906.25   1914.0625 1921.875  1929.6875 1937.5    1945.3125
 1953.125  1960.9375 1968.75   1976.5625 1984.375  1992.1875 2000.
 2007.8125 2015.625  2023.4375 2031.25   2039.0625 2046.875  2054.6875
 2062.5    2070.3125 2078.125  2085.9375 2093.75   2101.5625 2109.375
 2117.1875 2125.     2132.8125 2140.625  2148.4375 2156.25   2164.0625
 2171.875  2179.6875 2187.5    2195.3125 2203.125  2210.9375 2218.75
 2226.5625 2234.375  2242.1875 2250.     2257.8125 2265.625  2273.4375
 2281.25   2289.0625 2296.875  2304.6875 2312.5    2320.3125 2328.125
 2335.9375 2343.75   2351.5625 2359.375  2367.1875 2375.     2382.8125
 2390.625  2398.4375 2406.25   2414.0625 2421.875  2429.6875 2437.5
 2445.3125 2453.125  2460.9375 2468.75   2476.5625 2484.375  2492.1875
 2500.     2507.8125 2515.625  2523.4375 2531.25   2539.0625 2546.875
 2554.6875 2562.5    2570.3125 2578.125  2585.9375 2593.75   2601.5625
 2609.375  2617.1875 2625.     2632.8125 2640.625  2648.4375 2656.25
 2664.0625 2671.875  2679.6875 2687.5    2695.3125 2703.125  2710.9375
 2718.75   2726.5625 2734.375  2742.1875 2750.     2757.8125 2765.625
 2773.4375 2781.25   2789.0625 2796.875  2804.6875 2812.5    2820.3125
 2828.125  2835.9375 2843.75   2851.5625 2859.375  2867.1875 2875.
 2882.8125 2890.625  2898.4375 2906.25   2914.0625 2921.875  2929.6875
 2937.5    2945.3125 2953.125  2960.9375 2968.75   2976.5625 2984.375
 2992.1875 3000.     3007.8125]","[2.66718871e-04 5.40961271e-04 7.61651774e-04 9.21116685e-04
 1.02930343e-03 1.07748483e-03 1.09886609e-03 1.14931390e-03
 1.25352198e-03 1.33754851e-03 1.31844475e-03 1.29757485e-03
 1.38435501e-03 1.36165011e-03 1.42564118e-03 1.50441110e-03
 1.61352577e-03 1.58814524e-03 1.50442665e-03 1.52109618e-03
 1.48154852e-03 1.56273638e-03 1.73434066e-03 1.90058990e-03
 1.91397353e-03 1.78852219e-03 1.71076979e-03 1.68840113e-03
 1.64683342e-03 1.74384166e-03 1.89678556e-03 2.02720826e-03
 2.02887897e-03 1.89790731e-03 1.78509084e-03 1.74071474e-03
 1.78892319e-03 1.83403378e-03 1.87822582e-03 1.87480898e-03
 1.91099880e-03 2.04293810e-03 2.13785537e-03 2.29689279e-03
 2.39346053e-03 2.46587782e-03 2.55903340e-03 2.60788494e-03
 2.68203159e-03 2.76781979e-03 2.89915143e-03 2.98806012e-03
 2.97678588e-03 2.88304916e-03 2.76472515e-03 2.64486481e-03
 2.66354109e-03 2.73800382e-03 2.75982884e-03 2.69091111e-03
 2.56439444e-03 2.33319617e-03 1.90051052e-03 1.70101770e-03
 1.98127016e-03 2.31277029e-03 2.58774570e-03 2.73521836e-03
 2.75309245e-03 2.64895591e-03 2.42310112e-03 2.09256249e-03
 1.89370793e-03 1.89127012e-03 2.29236949e-03 2.75571499e-03
 3.12010702e-03 3.40777761e-03 3.58731793e-03 3.70331477e-03
 3.77030080e-03 3.76669813e-03 3.69281019e-03 3.54912311e-03
 3.38022441e-03 3.15702037e-03 2.88554368e-03 2.57861279e-03
 2.20763148e-03 1.88847017e-03 2.27135781e-03 2.79384074e-03
 3.19745281e-03 3.51065478e-03 3.76219660e-03 3.93545920e-03
 4.04308807e-03 4.12027988e-03 4.19114660e-03 4.24553196e-03
 4.28277246e-03 4.30743459e-03 4.28600415e-03 4.21975546e-03
 4.17339579e-03 4.10369745e-03 4.00261771e-03 3.87552727e-03
 3.80318018e-03 3.76180735e-03 3.67973592e-03 3.58304153e-03
 3.55507646e-03 3.63858513e-03 3.78223163e-03 3.93904363e-03
 4.10934000e-03 4.28115016e-03 4.45597816e-03 4.61765282e-03
 4.74373862e-03 4.82761059e-03 4.86238546e-03 4.84099178e-03
 4.75914729e-03 4.61573324e-03 4.41695112e-03 4.18461888e-03
 4.11792853e-03 4.43463160e-03 4.76571518e-03 5.01010088e-03
 5.16518705e-03 5.23575696e-03 5.22781818e-03 5.14073924e-03
 4.96298005e-03 4.67748072e-03 4.27024923e-03 3.73466446e-03
 3.16272968e-03 3.17974063e-03 3.68212486e-03 4.19178741e-03
 4.63800363e-03 5.00812837e-03 5.29558883e-03 5.51171944e-03
 5.67140886e-03 5.78244395e-03 5.84512342e-03 5.85655602e-03
 5.81317808e-03 5.71200866e-03 5.55125434e-03 5.32925728e-03
 5.04405056e-03 4.70458854e-03 4.38278803e-03 4.14603514e-03
 4.06423748e-03 4.19245254e-03 4.41872256e-03 4.62011206e-03
 4.75911254e-03 4.82332669e-03 4.86680515e-03 4.86377434e-03
 4.79617869e-03 4.66392812e-03 4.55570801e-03 4.41459786e-03
 4.14800202e-03 3.76553163e-03 3.21003304e-03 2.63692149e-03
 2.47277938e-03 2.84841602e-03 3.27391430e-03 3.64737246e-03
 3.87604282e-03 4.04072922e-03 4.14057039e-03 4.19035665e-03
 4.20467203e-03 4.10012564e-03 3.90272876e-03 3.70435087e-03
 3.60508635e-03 3.63648924e-03 3.72913507e-03 3.83853770e-03
 4.08218225e-03 4.26191222e-03 4.41843894e-03 4.47311738e-03
 4.51312314e-03 4.49819097e-03 4.40311384e-03 4.27885957e-03
 4.17824508e-03 4.09781836e-03 3.98597476e-03 3.83288291e-03
 3.62135184e-03 3.36151614e-03 3.04795871e-03 2.68891051e-03
 2.61848697e-03 3.01397005e-03 3.34774671e-03 3.56968209e-03
 3.71319426e-03 3.75991233e-03 3.79298157e-03 3.75059315e-03
 3.69534491e-03 3.70339359e-03 3.75182280e-03 3.80279291e-03
 3.81590768e-03 3.81705295e-03 3.87886370e-03 3.90224511e-03
 3.88734806e-03 3.79462778e-03 3.67435821e-03 3.50199797e-03
 3.34076130e-03 3.09148277e-03 2.75943513e-03 2.48476150e-03
 2.10903983e-03 1.84780110e-03 1.86339805e-03 2.04763011e-03
 2.26879292e-03 2.38865396e-03 2.46907162e-03 2.46335617e-03
 2.45770769e-03 2.34406632e-03 2.17967505e-03 1.98968947e-03
 2.16276392e-03 2.45463005e-03 2.76743324e-03 3.05816453e-03
 3.24638127e-03 3.36551868e-03 3.44579179e-03 3.52841125e-03
 3.55015591e-03 3.47138508e-03 3.34473003e-03 3.17639915e-03
 2.93875057e-03 2.62867450e-03 2.47813566e-03 2.29439514e-03
 2.17611471e-03 2.05742895e-03 1.98060856e-03 1.97231543e-03
 1.97045809e-03 1.96817003e-03 1.93447056e-03 1.92338318e-03
 1.90324010e-03 1.89131899e-03 1.95097601e-03 1.95765737e-03
 2.03509029e-03 2.15161488e-03 2.18072174e-03 2.20057668e-03
 2.25333672e-03 2.33454531e-03 2.37293140e-03 2.35562513e-03
 2.22435942e-03 2.07223635e-03 1.89986687e-03 1.72821202e-03
 1.53912478e-03 1.38923841e-03 1.34477765e-03 1.31951871e-03
 1.30640944e-03 1.36939260e-03 1.45571007e-03 1.65624472e-03
 1.79425390e-03 1.80642416e-03 1.80005026e-03 1.64014833e-03
 1.35845472e-03 1.10342259e-03 8.88295187e-04 8.79251899e-04
 1.13322106e-03 1.45238935e-03 1.70841542e-03 1.89472819e-03
 2.08188795e-03 2.20448534e-03 2.31080140e-03 2.36081484e-03
 2.40333892e-03 2.36523894e-03 2.31509802e-03 2.26443109e-03
 2.14597306e-03 2.13335583e-03 2.11766532e-03 2.16503836e-03
 2.21039112e-03 2.23705309e-03 2.26410456e-03 2.27746307e-03
 2.23997177e-03 2.20919587e-03 2.07785218e-03 1.92998517e-03
 1.75346794e-03 1.52641793e-03 1.32732129e-03 1.10753959e-03
 8.75087823e-04 6.87970160e-04 6.58477822e-04 6.59809411e-04
 6.87208790e-04 6.94719217e-04 6.80354816e-04 7.97662119e-04
 9.13515133e-04 9.84052896e-04 1.00088534e-03 1.04759749e-03
 1.10022026e-03 1.13003450e-03 1.13587878e-03 1.10452891e-03
 1.03131113e-03 8.59522023e-04 6.59274371e-04 5.01780656e-04
 3.83340481e-04 3.26712712e-04 2.62698934e-04 1.67549644e-04
 7.93154164e-05 0.00000000e+00 2.94885230e-05 7.17095172e-05
 5.09006497e-05 2.71532850e-05 4.61596128e-05 7.03036542e-05]"
7817.230831000000_28.616030405,1040,1600,20.357310513338224,0.868078524331358,0.15196951885228963,337.94120655619713,"[0.10275  0.123625 0.087125 0.088375 0.07625  0.07075  0.062125 0.0595
 0.056    0.054    0.053875 0.05525  0.055125 0.054    0.053625 0.05425
 0.053875 0.054625 0.054375 0.054    0.053625 0.055125 0.054    0.0545
 0.055    0.055125 0.054375 0.05475  0.05525  0.05475  0.055125 0.054375
 0.055375 0.056125 0.055375 0.0555   0.05575  0.05525  0.056    0.054875
 0.055125 0.055625 0.056    0.05525  0.055875 0.056375 0.0565   0.056875
 0.05575  0.0565   0.05875  0.05775  0.058625 0.05975 ]",0.0553125000000001,0.05960185185185186,0.012801662626982837,0.21478632339818957,16.778002174926208,3.2184999999999997,55,1320.3125,421.875,968.75,1382.8125,1937.5,2671.875,968.75,1234.375,1463.057106289417,"[ 203.125   210.9375  218.75    226.5625  234.375   242.1875  250.
  257.8125  265.625   273.4375  281.25    289.0625  296.875   304.6875
  312.5     320.3125  328.125   335.9375  343.75    351.5625  359.375
  367.1875  375.      382.8125  390.625   398.4375  406.25    414.0625
  421.875   429.6875  437.5     445.3125  453.125   460.9375  468.75
  476.5625  484.375   492.1875  500.      507.8125  515.625   523.4375
  531.25    539.0625  546.875   554.6875  562.5     570.3125  578.125
  585.9375  593.75    601.5625  609.375   617.1875  625.      632.8125
  640.625   648.4375  656.25    664.0625  671.875   679.6875  687.5
  695.3125  703.125   710.9375  718.75    726.5625  734.375   742.1875
  750.      757.8125  765.625   773.4375  781.25    789.0625  796.875
  804.6875  812.5     820.3125  828.125   835.9375  843.75    851.5625
  859.375   867.1875  875.      882.8125  890.625   898.4375  906.25
  914.0625  921.875   929.6875  937.5     945.3125  953.125   960.9375
  968.75    976.5625  984.375   992.1875 1000.     1007.8125 1015.625
 1023.4375 1031.25   1039.0625 1046.875  1054.6875 1062.5    1070.3125
 1078.125  1085.9375 1093.75   1101.5625 1109.375  1117.1875 1125.
 1132.8125 1140.625  1148.4375 1156.25   1164.0625 1171.875  1179.6875
 1187.5    1195.3125 1203.125  1210.9375 1218.75   1226.5625 1234.375
 1242.1875 1250.     1257.8125 1265.625  1273.4375 1281.25   1289.0625
 1296.875  1304.6875 1312.5    1320.3125 1328.125  1335.9375 1343.75
 1351.5625 1359.375  1367.1875 1375.     1382.8125 1390.625  1398.4375
 1406.25   1414.0625 1421.875  1429.6875 1437.5    1445.3125 1453.125
 1460.9375 1468.75   1476.5625 1484.375  1492.1875 1500.     1507.8125
 1515.625  1523.4375 1531.25   1539.0625 1546.875  1554.6875 1562.5
 1570.3125 1578.125  1585.9375 1593.75   1601.5625 1609.375  1617.1875
 1625.     1632.8125 1640.625  1648.4375 1656.25   1664.0625 1671.875
 1679.6875 1687.5    1695.3125 1703.125  1710.9375 1718.75   1726.5625
 1734.375  1742.1875 1750.     1757.8125 1765.625  1773.4375 1781.25
 1789.0625 1796.875  1804.6875 1812.5    1820.3125 1828.125  1835.9375
 1843.75   1851.5625 1859.375  1867.1875 1875.     1882.8125 1890.625
 1898.4375 1906.25   1914.0625 1921.875  1929.6875 1937.5    1945.3125
 1953.125  1960.9375 1968.75   1976.5625 1984.375  1992.1875 2000.
 2007.8125 2015.625  2023.4375 2031.25   2039.0625 2046.875  2054.6875
 2062.5    2070.3125 2078.125  2085.9375 2093.75   2101.5625 2109.375
 2117.1875 2125.     2132.8125 2140.625  2148.4375 2156.25   2164.0625
 2171.875  2179.6875 2187.5    2195.3125 2203.125  2210.9375 2218.75
 2226.5625 2234.375  2242.1875 2250.     2257.8125 2265.625  2273.4375
 2281.25   2289.0625 2296.875  2304.6875 2312.5    2320.3125 2328.125
 2335.9375 2343.75   2351.5625 2359.375  2367.1875 2375.     2382.8125
 2390.625  2398.4375 2406.25   2414.0625 2421.875  2429.6875 2437.5
 2445.3125 2453.125  2460.9375 2468.75   2476.5625 2484.375  2492.1875
 2500.     2507.8125 2515.625  2523.4375 2531.25   2539.0625 2546.875
 2554.6875 2562.5    2570.3125 2578.125  2585.9375 2593.75   2601.5625
 2609.375  2617.1875 2625.     2632.8125 2640.625  2648.4375 2656.25
 2664.0625 2671.875  2679.6875 2687.5    2695.3125 2703.125  2710.9375
 2718.75   2726.5625 2734.375  2742.1875 2750.     2757.8125 2765.625
 2773.4375 2781.25   2789.0625 2796.875  2804.6875 2812.5    2820.3125
 2828.125  2835.9375 2843.75   2851.5625 2859.375  2867.1875 2875.
 2882.8125 2890.625  2898.4375 2906.25   2914.0625 2921.875  2929.6875
 2937.5    2945.3125 2953.125  2960.9375 2968.75   2976.5625 2984.375
 2992.1875 3000.     3007.8125]","[0.00096608 0.00122232 0.00138142 0.00142158 0.00137708 0.00139661
 0.00147676 0.00150764 0.00153556 0.00154545 0.00161924 0.00183553
 0.00192782 0.00193771 0.00196309 0.00196705 0.00194    0.00194236
 0.00194559 0.0019085  0.00189942 0.0019311  0.00190191 0.00193205
 0.00203449 0.00218252 0.00222756 0.00221006 0.00220421 0.00221748
 0.00214975 0.00219521 0.00220894 0.00230687 0.0024005  0.00241667
 0.00238965 0.00240764 0.00230835 0.00216847 0.00216134 0.00216443
 0.00215273 0.00219476 0.00224331 0.00228436 0.00239652 0.0026001
 0.00278227 0.00289742 0.00296692 0.00303858 0.00306699 0.00306382
 0.00301586 0.00297621 0.00291228 0.00278779 0.00260917 0.00238264
 0.00223698 0.00223621 0.0024158  0.00260703 0.00268952 0.00268011
 0.00250507 0.00230263 0.00212448 0.0023979  0.00289647 0.00326513
 0.00352172 0.00371359 0.00377964 0.00373978 0.00360891 0.00340884
 0.00312497 0.00275294 0.00265278 0.00296752 0.00335258 0.00370482
 0.00396968 0.00413683 0.0042106  0.00419462 0.00409178 0.00391301
 0.00365235 0.00331862 0.00286169 0.00228493 0.00236186 0.00295517
 0.00340468 0.00371535 0.00393189 0.00406837 0.00413287 0.0041426
 0.00410904 0.00403951 0.00393935 0.00379688 0.00361156 0.00336626
 0.00311386 0.0032032  0.00356522 0.00392544 0.00420979 0.00441175
 0.00453988 0.00460392 0.0046169  0.00460981 0.00463498 0.0046959
 0.00475285 0.00478984 0.00480449 0.00478781 0.00474337 0.00467171
 0.00457392 0.00446093 0.0043327  0.00411579 0.0037386  0.00341714
 0.00393784 0.00441908 0.00473666 0.0049337  0.00504242 0.00511657
 0.00528256 0.00556607 0.00583457 0.00603047 0.00614154 0.00616956
 0.00611861 0.0059919  0.0057951  0.00554961 0.00535268 0.00543375
 0.00556493 0.00563439 0.00562438 0.00553143 0.00535698 0.0051022
 0.00476045 0.00431692 0.00373931 0.00299733 0.00236045 0.00237419
 0.00265204 0.00284168 0.00305369 0.00334414 0.00359083 0.003774
 0.00392045 0.00402533 0.00407001 0.00407673 0.00400208 0.00382706
 0.00357351 0.00332174 0.00299677 0.00288866 0.00303971 0.00332347
 0.00366428 0.0039032  0.00407255 0.00408925 0.00406849 0.00407593
 0.0040884  0.00399248 0.0039496  0.00383664 0.00366146 0.00343475
 0.00319621 0.00296418 0.00291593 0.00300657 0.00310932 0.00326305
 0.0033758  0.00343713 0.00346858 0.00346164 0.00338628 0.00341737
 0.0034656  0.00351042 0.00358931 0.00361415 0.00358406 0.00360366
 0.00360784 0.00356505 0.00348949 0.00335844 0.00319298 0.00305053
 0.00295162 0.00282946 0.00261896 0.00233753 0.00221865 0.00240167
 0.0026957  0.00300975 0.00325711 0.00348896 0.00360759 0.00361192
 0.0035616  0.00345889 0.00336989 0.00334785 0.00330373 0.00326892
 0.00318783 0.00318105 0.00320908 0.00315519 0.00296976 0.00269006
 0.0023041  0.0020461  0.00197734 0.00195753 0.00213812 0.00228207
 0.00237034 0.00244712 0.00247622 0.0024414  0.00233966 0.00223711
 0.00235059 0.00247529 0.00254029 0.00265523 0.00275982 0.002823
 0.00281131 0.00274838 0.00262331 0.0025419  0.00239232 0.00221869
 0.00202294 0.00187628 0.00175769 0.00165288 0.0015416  0.00145012
 0.00136258 0.00135769 0.00131462 0.00138477 0.0014328  0.00156166
 0.00162156 0.0017043  0.00172804 0.00167751 0.00159276 0.0014466
 0.00125843 0.0010698  0.00097291 0.00095261 0.00109305 0.00125032
 0.00133586 0.00139982 0.00151268 0.00155161 0.00153274 0.00144648
 0.0013787  0.00137363 0.00130585 0.00138738 0.00156488 0.001784
 0.00196156 0.00216013 0.00228119 0.00231815 0.00225562 0.00221253
 0.00217745 0.00215447 0.00213259 0.00210083 0.00206201 0.00199762
 0.0018851  0.0017187  0.00156714 0.00143529 0.00121328 0.00116254
 0.00111111 0.00120651 0.00127927 0.00135533 0.0013936  0.00128727
 0.0011706  0.00108104 0.00111993 0.00106671 0.00104481 0.00087263
 0.00084335 0.00087066 0.00092019 0.00098555 0.0010866  0.00123028
 0.0013679  0.00159011 0.00178404 0.00184264 0.00188229 0.00183924
 0.00180553 0.00170705 0.00165333 0.0015875  0.00151358 0.00139126
 0.00130228 0.00122417 0.00120529 0.00114701 0.00102721 0.00091281
 0.00071568 0.00062389 0.00040085 0.0002485  0.00012838 0.        ]"
7817.230831000000_39.453400292,1040,1600,16.520423877607367,0.8711139329282198,0.1479554650659002,136.7871476798979,"[0.10875  0.081375 0.08125  0.073125 0.071    0.07125  0.066625 0.058125
 0.056125 0.05325  0.054    0.05275  0.05325  0.05425  0.054    0.052125
 0.0535   0.052875 0.0535   0.05275  0.05225  0.054    0.05325  0.0535
 0.0535   0.05325  0.0535   0.05375  0.05325  0.053875 0.053    0.054875
 0.054125 0.054125 0.055    0.0535   0.05525  0.054125 0.055    0.055
 0.05475  0.055125 0.05625  0.055375 0.056875]",0.05412499999999998,0.05800833333333333,0.010476010956254084,0.1805949310085462,17.238902456543602,2.6103750000000003,46,1281.25,398.4375,937.5,1406.25,1945.3125,2679.6875,1007.8125,1476.5625,1458.083214176793,"[ 203.125   210.9375  218.75    226.5625  234.375   242.1875  250.
  257.8125  265.625   273.4375  281.25    289.0625  296.875   304.6875
  312.5     320.3125  328.125   335.9375  343.75    351.5625  359.375
  367.1875  375.      382.8125  390.625   398.4375  406.25    414.0625
  421.875   429.6875  437.5     445.3125  453.125   460.9375  468.75
  476.5625  484.375   492.1875  500.      507.8125  515.625   523.4375
  531.25    539.0625  546.875   554.6875  562.5     570.3125  578.125
  585.9375  593.75    601.5625  609.375   617.1875  625.      632.8125
  640.625   648.4375  656.25    664.0625  671.875   679.6875  687.5
  695.3125  703.125   710.9375  718.75    726.5625  734.375   742.1875
  750.      757.8125  765.625   773.4375  781.25    789.0625  796.875
  804.6875  812.5     820.3125  828.125   835.9375  843.75    851.5625
  859.375   867.1875  875.      882.8125  890.625   898.4375  906.25
  914.0625  921.875   929.6875  937.5     945.3125  953.125   960.9375
  968.75    976.5625  984.375   992.1875 1000.     1007.8125 1015.625
 1023.4375 1031.25   1039.0625 1046.875  1054.6875 1062.5    1070.3125
 1078.125  1085.9375 1093.75   1101.5625 1109.375  1117.1875 1125.
 1132.8125 1140.625  1148.4375 1156.25   1164.0625 1171.875  1179.6875
 1187.5    1195.3125 1203.125  1210.9375 1218.75   1226.5625 1234.375
 1242.1875 1250.     1257.8125 1265.625  1273.4375 1281.25   1289.0625
 1296.875  1304.6875 1312.5    1320.3125 1328.125  1335.9375 1343.75
 1351.5625 1359.375  1367.1875 1375.     1382.8125 1390.625  1398.4375
 1406.25   1414.0625 1421.875  1429.6875 1437.5    1445.3125 1453.125
 1460.9375 1468.75   1476.5625 1484.375  1492.1875 1500.     1507.8125
 1515.625  1523.4375 1531.25   1539.0625 1546.875  1554.6875 1562.5
 1570.3125 1578.125  1585.9375 1593.75   1601.5625 1609.375  1617.1875
 1625.     1632.8125 1640.625  1648.4375 1656.25   1664.0625 1671.875
 1679.6875 1687.5    1695.3125 1703.125  1710.9375 1718.75   1726.5625
 1734.375  1742.1875 1750.     1757.8125 1765.625  1773.4375 1781.25
 1789.0625 1796.875  1804.6875 1812.5    1820.3125 1828.125  1835.9375
 1843.75   1851.5625 1859.375  1867.1875 1875.     1882.8125 1890.625
 1898.4375 1906.25   1914.0625 1921.875  1929.6875 1937.5    1945.3125
 1953.125  1960.9375 1968.75   1976.5625 1984.375  1992.1875 2000.
 2007.8125 2015.625  2023.4375 2031.25   2039.0625 2046.875  2054.6875
 2062.5    2070.3125 2078.125  2085.9375 2093.75   2101.5625 2109.375
 2117.1875 2125.     2132.8125 2140.625  2148.4375 2156.25   2164.0625
 2171.875  2179.6875 2187.5    2195.3125 2203.125  2210.9375 2218.75
 2226.5625 2234.375  2242.1875 2250.     2257.8125 2265.625  2273.4375
 2281.25   2289.0625 2296.875  2304.6875 2312.5    2320.3125 2328.125
 2335.9375 2343.75   2351.5625 2359.375  2367.1875 2375.     2382.8125
 2390.625  2398.4375 2406.25   2414.0625 2421.875  2429.6875 2437.5
 2445.3125 2453.125  2460.9375 2468.75   2476.5625 2484.375  2492.1875
 2500.     2507.8125 2515.625  2523.4375 2531.25   2539.0625 2546.875
 2554.6875 2562.5    2570.3125 2578.125  2585.9375 2593.75   2601.5625
 2609.375  2617.1875 2625.     2632.8125 2640.625  2648.4375 2656.25
 2664.0625 2671.875  2679.6875 2687.5    2695.3125 2703.125  2710.9375
 2718.75   2726.5625 2734.375  2742.1875 2750.     2757.8125 2765.625
 2773.4375 2781.25   2789.0625 2796.875  2804.6875 2812.5    2820.3125
 2828.125  2835.9375 2843.75   2851.5625 2859.375  2867.1875 2875.
 2882.8125 2890.625  2898.4375 2906.25   2914.0625 2921.875  2929.6875
 2937.5    2945.3125 2953.125  2960.9375 2968.75   2976.5625 2984.375
 2992.1875 3000.     3007.8125]","[9.55726932e-04 1.20546684e-03 1.33578564e-03 1.48081876e-03
 1.69168373e-03 1.83619565e-03 1.94718665e-03 1.96077113e-03
 2.06599015e-03 2.09079844e-03 2.11230384e-03 2.07942625e-03
 2.06179522e-03 1.92378944e-03 1.96046559e-03 2.06158197e-03
 2.16143409e-03 2.27491136e-03 2.29225858e-03 2.31774690e-03
 2.35038722e-03 2.39306551e-03 2.35808847e-03 2.25855395e-03
 2.11157772e-03 2.08494438e-03 2.18206185e-03 2.33888611e-03
 2.41262824e-03 2.44159670e-03 2.50264675e-03 2.50781846e-03
 2.49834971e-03 2.48154930e-03 2.47188904e-03 2.41066256e-03
 2.42074075e-03 2.57709730e-03 2.64355093e-03 2.69528978e-03
 2.72844797e-03 2.70454748e-03 2.67087289e-03 2.52025582e-03
 2.36888349e-03 2.36158870e-03 2.41624470e-03 2.48848827e-03
 2.50970654e-03 2.43209369e-03 2.42395386e-03 2.55970886e-03
 2.67403805e-03 2.85545692e-03 2.97644231e-03 3.06549333e-03
 3.15930182e-03 3.20819994e-03 3.24926975e-03 3.26753060e-03
 3.32067536e-03 3.33964076e-03 3.31482435e-03 3.23786475e-03
 3.10977050e-03 2.92888890e-03 2.72363248e-03 2.58219868e-03
 2.55768973e-03 2.53889082e-03 2.59199214e-03 2.69503642e-03
 2.78245754e-03 2.71283717e-03 2.49384342e-03 2.30053388e-03
 2.33120502e-03 2.64249285e-03 3.04043154e-03 3.38139338e-03
 3.58601405e-03 3.67544221e-03 3.68455312e-03 3.65723751e-03
 3.51805724e-03 3.29191275e-03 2.99489146e-03 2.87946865e-03
 2.93011296e-03 3.26264273e-03 3.57982858e-03 3.84602710e-03
 4.00234352e-03 4.12651277e-03 4.17331863e-03 4.15003139e-03
 4.07280785e-03 3.95438676e-03 3.79463237e-03 3.66038436e-03
 3.42432312e-03 3.09315677e-03 2.71953055e-03 2.58560953e-03
 2.94446893e-03 3.32622694e-03 3.60882170e-03 3.76561713e-03
 3.85120857e-03 3.90142588e-03 3.93946346e-03 4.01409555e-03
 4.08892540e-03 4.14912481e-03 4.14417086e-03 4.07908444e-03
 3.94006138e-03 3.73243711e-03 3.48377386e-03 3.28397542e-03
 3.27476186e-03 3.55443896e-03 3.86758811e-03 4.17444062e-03
 4.38242731e-03 4.53397971e-03 4.64648512e-03 4.73309255e-03
 4.82608217e-03 4.95557249e-03 5.11113986e-03 5.22595746e-03
 5.28797029e-03 5.29122189e-03 5.24606813e-03 5.19918377e-03
 5.24267064e-03 5.33808880e-03 5.39209272e-03 5.36574968e-03
 5.28491470e-03 5.09505614e-03 4.76355808e-03 4.25310026e-03
 3.71073037e-03 3.85952935e-03 4.07055600e-03 4.10775586e-03
 4.03039526e-03 4.00819247e-03 4.36756218e-03 4.67475318e-03
 4.89795043e-03 5.03249620e-03 5.08068984e-03 5.05078286e-03
 4.95557904e-03 4.78843900e-03 4.53095707e-03 4.19155505e-03
 4.05441390e-03 4.17571754e-03 4.30176614e-03 4.32891402e-03
 4.39552889e-03 4.37837363e-03 4.29044967e-03 4.17670494e-03
 4.00801693e-03 3.77805368e-03 3.44512262e-03 3.07370133e-03
 2.67291710e-03 2.40680192e-03 2.40748318e-03 2.46481481e-03
 2.56166698e-03 2.61838343e-03 2.72054192e-03 2.83968190e-03
 2.94899441e-03 3.19504578e-03 3.38956656e-03 3.66849396e-03
 3.84521467e-03 3.95113365e-03 3.97323572e-03 3.94301089e-03
 3.83980558e-03 3.74994310e-03 3.64367022e-03 3.55073514e-03
 3.57159512e-03 3.75982865e-03 4.02331961e-03 4.25361794e-03
 4.38013170e-03 4.49714554e-03 4.54425214e-03 4.52260744e-03
 4.47556930e-03 4.43070961e-03 4.33140855e-03 4.20978509e-03
 4.06792035e-03 3.87095711e-03 3.64940614e-03 3.39590877e-03
 3.17358340e-03 2.91588276e-03 2.71476219e-03 2.62368045e-03
 2.65913496e-03 2.66819814e-03 2.80027121e-03 2.83693043e-03
 2.74323404e-03 2.75357406e-03 2.67191092e-03 2.60266972e-03
 2.47567040e-03 2.44879694e-03 2.56238153e-03 2.70840126e-03
 2.81253113e-03 2.88011926e-03 2.84395772e-03 2.83126489e-03
 2.87515469e-03 2.83873242e-03 2.77479385e-03 2.65815572e-03
 2.59159683e-03 2.52245908e-03 2.46568079e-03 2.41515498e-03
 2.23267666e-03 2.06252576e-03 1.91761949e-03 2.00659135e-03
 2.19324524e-03 2.53261699e-03 2.79071412e-03 2.97035608e-03
 3.09604550e-03 3.13122927e-03 3.10370021e-03 3.06168737e-03
 2.94958252e-03 2.81845023e-03 2.76499928e-03 2.79937442e-03
 2.93769891e-03 2.96968162e-03 2.90995890e-03 2.86986283e-03
 2.82113702e-03 2.61614891e-03 2.40524582e-03 2.17818367e-03
 2.04054665e-03 1.99330784e-03 1.93266864e-03 1.93875071e-03
 1.96987917e-03 2.04335813e-03 2.01570481e-03 2.02913779e-03
 2.00624523e-03 1.93380587e-03 1.86353938e-03 1.78543946e-03
 1.83693640e-03 1.88986080e-03 2.01436230e-03 2.04440992e-03
 2.09154917e-03 2.21805968e-03 2.29520929e-03 2.35709972e-03
 2.35524314e-03 2.31222857e-03 2.28605686e-03 2.13638612e-03
 1.99791533e-03 1.78501911e-03 1.62951627e-03 1.70493683e-03
 1.76087208e-03 1.78555183e-03 1.74720763e-03 1.76825727e-03
 1.74345643e-03 1.73786906e-03 1.69665712e-03 1.72160468e-03
 1.76143382e-03 1.73691898e-03 1.77129771e-03 1.77847042e-03
 1.80608318e-03 1.79273613e-03 1.72928391e-03 1.66163911e-03
 1.54706652e-03 1.49805671e-03 1.49488147e-03 1.49664564e-03
 1.49920267e-03 1.49349665e-03 1.46601432e-03 1.36329343e-03
 1.34892973e-03 1.29295065e-03 1.20947272e-03 1.13055250e-03
 1.05227134e-03 9.77308536e-04 9.34996505e-04 1.07070597e-03
 1.18812536e-03 1.26222592e-03 1.36162538e-03 1.43166511e-03
 1.51784593e-03 1.49239871e-03 1.57214620e-03 1.66061229e-03
 1.66149827e-03 1.78221099e-03 1.89702031e-03 1.96738437e-03
 1.94634405e-03 1.81765953e-03 1.71894677e-03 1.68548918e-03
 1.62046251e-03 1.52835258e-03 1.46701917e-03 1.36612603e-03
 1.29804768e-03 1.19595727e-03 1.14567235e-03 1.15296369e-03
 1.12153335e-03 1.05231034e-03 1.13903903e-03 1.14413104e-03
 1.11244614e-03 9.56098543e-04 8.09661677e-04 6.76741059e-04
 6.34361830e-04 5.31783567e-04 4.40253892e-04 4.11488138e-04
 3.17662859e-04 1.60120629e-04 3.81076480e-05 0.00000000e+00]"
7817.230831000000_44.692955155,1040,1600,17.94635807124506,0.8646908677627637,0.15648266598134067,232.26876309651342,"[0.092375 0.0855   0.080625 0.07075  0.066    0.061    0.061375 0.056625
 0.054375 0.054375 0.05525  0.054625 0.05425  0.055125 0.055375 0.056125
 0.055125 0.055625 0.05525  0.056375 0.05675  0.0555   0.055125 0.056625
 0.055125 0.05625  0.05725  0.0565   0.056125 0.05575  0.056875 0.05775
 0.056875 0.05725  0.057    0.056125 0.0575   0.0575   0.05825  0.05875
 0.0585   0.058375 0.05975 ]",0.056625000000000036,0.059247093023255815,0.008050372317878406,0.13587792931407544,16.878465237230753,2.547625,44,1187.5,390.625,914.0625,1343.75,1875.0,2578.125,960.9375,1156.25,1411.768445102913,"[ 203.125   210.9375  218.75    226.5625  234.375   242.1875  250.
  257.8125  265.625   273.4375  281.25    289.0625  296.875   304.6875
  312.5     320.3125  328.125   335.9375  343.75    351.5625  359.375
  367.1875  375.      382.8125  390.625   398.4375  406.25    414.0625
  421.875   429.6875  437.5     445.3125  453.125   460.9375  468.75
  476.5625  484.375   492.1875  500.      507.8125  515.625   523.4375
  531.25    539.0625  546.875   554.6875  562.5     570.3125  578.125
  585.9375  593.75    601.5625  609.375   617.1875  625.      632.8125
  640.625   648.4375  656.25    664.0625  671.875   679.6875  687.5
  695.3125  703.125   710.9375  718.75    726.5625  734.375   742.1875
  750.      757.8125  765.625   773.4375  781.25    789.0625  796.875
  804.6875  812.5     820.3125  828.125   835.9375  843.75    851.5625
  859.375   867.1875  875.      882.8125  890.625   898.4375  906.25
  914.0625  921.875   929.6875  937.5     945.3125  953.125   960.9375
  968.75    976.5625  984.375   992.1875 1000.     1007.8125 1015.625
 1023.4375 1031.25   1039.0625 1046.875  1054.6875 1062.5    1070.3125
 1078.125  1085.9375 1093.75   1101.5625 1109.375  1117.1875 1125.
 1132.8125 1140.625  1148.4375 1156.25   1164.0625 1171.875  1179.6875
 1187.5    1195.3125 1203.125  1210.9375 1218.75   1226.5625 1234.375
 1242.1875 1250.     1257.8125 1265.625  1273.4375 1281.25   1289.0625
 1296.875  1304.6875 1312.5    1320.3125 1328.125  1335.9375 1343.75
 1351.5625 1359.375  1367.1875 1375.     1382.8125 1390.625  1398.4375
 1406.25   1414.0625 1421.875  1429.6875 1437.5    1445.3125 1453.125
 1460.9375 1468.75   1476.5625 1484.375  1492.1875 1500.     1507.8125
 1515.625  1523.4375 1531.25   1539.0625 1546.875  1554.6875 1562.5
 1570.3125 1578.125  1585.9375 1593.75   1601.5625 1609.375  1617.1875
 1625.     1632.8125 1640.625  1648.4375 1656.25   1664.0625 1671.875
 1679.6875 1687.5    1695.3125 1703.125  1710.9375 1718.75   1726.5625
 1734.375  1742.1875 1750.     1757.8125 1765.625  1773.4375 1781.25
 1789.0625 1796.875  1804.6875 1812.5    1820.3125 1828.125  1835.9375
 1843.75   1851.5625 1859.375  1867.1875 1875.     1882.8125 1890.625
 1898.4375 1906.25   1914.0625 1921.875  1929.6875 1937.5    1945.3125
 1953.125  1960.9375 1968.75   1976.5625 1984.375  1992.1875 2000.
 2007.8125 2015.625  2023.4375 2031.25   2039.0625 2046.875  2054.6875
 2062.5    2070.3125 2078.125  2085.9375 2093.75   2101.5625 2109.375
 2117.1875 2125.     2132.8125 2140.625  2148.4375 2156.25   2164.0625
 2171.875  2179.6875 2187.5    2195.3125 2203.125  2210.9375 2218.75
 2226.5625 2234.375  2242.1875 2250.     2257.8125 2265.625  2273.4375
 2281.25   2289.0625 2296.875  2304.6875 2312.5    2320.3125 2328.125
 2335.9375 2343.75   2351.5625 2359.375  2367.1875 2375.     2382.8125
 2390.625  2398.4375 2406.25   2414.0625 2421.875  2429.6875 2437.5
 2445.3125 2453.125  2460.9375 2468.75   2476.5625 2484.375  2492.1875
 2500.     2507.8125 2515.625  2523.4375 2531.25   2539.0625 2546.875
 2554.6875 2562.5    2570.3125 2578.125  2585.9375 2593.75   2601.5625
 2609.375  2617.1875 2625.     2632.8125 2640.625  2648.4375 2656.25
 2664.0625 2671.875  2679.6875 2687.5    2695.3125 2703.125  2710.9375
 2718.75   2726.5625 2734.375  2742.1875 2750.     2757.8125 2765.625
 2773.4375 2781.25   2789.0625 2796.875  2804.6875 2812.5    2820.3125
 2828.125  2835.9375 2843.75   2851.5625 2859.375  2867.1875 2875.
 2882.8125 2890.625  2898.4375 2906.25   2914.0625 2921.875  2929.6875
 2937.5    2945.3125 2953.125  2960.9375 2968.75   2976.5625 2984.375
 2992.1875 3000.     3007.8125]","[1.02252274e-03 1.27970640e-03 1.42063954e-03 1.56785133e-03
 1.72585211e-03 1.79420872e-03 1.91897568e-03 2.03602825e-03
 2.13804764e-03 2.25450847e-03 2.26764905e-03 2.29860559e-03
 2.29973895e-03 2.39858063e-03 2.43820821e-03 2.42315490e-03
 2.32404187e-03 2.30824677e-03 2.29184494e-03 2.33083151e-03
 2.25762201e-03 2.25939520e-03 2.29575389e-03 2.27772924e-03
 2.17026349e-03 2.13071808e-03 2.06418616e-03 2.07942610e-03
 2.14941236e-03 2.14902303e-03 2.11668982e-03 2.08613644e-03
 2.13342469e-03 2.23440050e-03 2.34838934e-03 2.59009472e-03
 2.72817245e-03 2.85088854e-03 2.96085679e-03 3.06007516e-03
 3.12905594e-03 3.21249522e-03 3.26743326e-03 3.25873846e-03
 3.16114849e-03 3.04865327e-03 2.86555612e-03 2.67452763e-03
 2.49015112e-03 2.36063004e-03 2.29635348e-03 2.33472986e-03
 2.30729140e-03 2.37085892e-03 2.45537187e-03 2.62985356e-03
 2.84469839e-03 3.03692340e-03 3.16706598e-03 3.37549956e-03
 3.51769445e-03 3.61915841e-03 3.64143673e-03 3.62417319e-03
 3.58328655e-03 3.55253684e-03 3.50562287e-03 3.49644797e-03
 3.46824624e-03 3.52281233e-03 3.56128585e-03 3.57883496e-03
 3.50745460e-03 3.32487323e-03 3.10119254e-03 2.73007782e-03
 2.30601479e-03 2.11767522e-03 2.46969025e-03 3.03231705e-03
 3.47654563e-03 3.75376305e-03 3.91863451e-03 3.99103681e-03
 3.98631098e-03 3.90130230e-03 3.74260550e-03 3.53880721e-03
 3.31060755e-03 2.99200944e-03 2.73838576e-03 2.85995200e-03
 3.19275786e-03 3.62174095e-03 3.96234201e-03 4.21138119e-03
 4.39128944e-03 4.51532242e-03 4.58929409e-03 4.62848935e-03
 4.62046614e-03 4.60419628e-03 4.60888248e-03 4.57663673e-03
 4.51016637e-03 4.39403163e-03 4.26290844e-03 4.08488672e-03
 3.81669292e-03 3.43346488e-03 2.89241802e-03 2.54128469e-03
 2.94393997e-03 3.53270334e-03 3.96590959e-03 4.30096086e-03
 4.58034902e-03 4.78622311e-03 4.93274568e-03 5.08449721e-03
 5.22440333e-03 5.35200483e-03 5.46833232e-03 5.58183876e-03
 5.68169182e-03 5.73727359e-03 5.74674190e-03 5.72491315e-03
 5.69386258e-03 5.66861210e-03 5.64117496e-03 5.59215732e-03
 5.50879851e-03 5.38772904e-03 5.22858022e-03 5.02966911e-03
 4.80536419e-03 4.57387668e-03 4.34496155e-03 4.17018481e-03
 4.11941478e-03 4.18999375e-03 4.30580506e-03 4.45137535e-03
 4.59069301e-03 4.69517808e-03 4.75735042e-03 4.79427192e-03
 4.76207103e-03 4.67370908e-03 4.51178562e-03 4.24787523e-03
 3.84009138e-03 3.60075713e-03 3.48390010e-03 3.57124310e-03
 3.78303632e-03 3.93652424e-03 3.97403649e-03 4.05777294e-03
 4.04522526e-03 3.95813614e-03 3.85771766e-03 3.64754948e-03
 3.34219725e-03 2.98743951e-03 2.58232790e-03 2.21859037e-03
 1.98294461e-03 1.92594523e-03 1.97461157e-03 2.08148398e-03
 2.18956238e-03 2.31610472e-03 2.43611182e-03 2.57665170e-03
 2.66556021e-03 2.88504028e-03 3.12998711e-03 3.33361762e-03
 3.50819029e-03 3.65294723e-03 3.86107407e-03 3.98179205e-03
 4.00851536e-03 3.94516152e-03 3.82992612e-03 3.65419717e-03
 3.54996431e-03 3.53538982e-03 3.50045449e-03 3.62659411e-03
 3.84293416e-03 4.05424083e-03 4.25253628e-03 4.36011865e-03
 4.44288608e-03 4.50622419e-03 4.56189854e-03 4.65378045e-03
 4.66611309e-03 4.71314476e-03 4.68197086e-03 4.60963763e-03
 4.46436130e-03 4.25530588e-03 4.11187229e-03 3.89898936e-03
 3.63612781e-03 3.40656275e-03 3.05334733e-03 2.85149459e-03
 2.95580846e-03 3.08297695e-03 3.22258327e-03 3.25130580e-03
 3.22850949e-03 3.23301819e-03 3.23427782e-03 3.21755256e-03
 3.21595197e-03 3.23870701e-03 3.19937108e-03 3.19610033e-03
 3.10626671e-03 3.05625519e-03 2.99826650e-03 2.95244789e-03
 2.84827652e-03 2.75593882e-03 2.57555308e-03 2.37168578e-03
 2.32269607e-03 2.30492167e-03 2.26659113e-03 2.22392213e-03
 2.19210008e-03 2.25861678e-03 2.30869530e-03 2.26922513e-03
 2.17536264e-03 2.15017079e-03 2.11003934e-03 2.20433075e-03
 2.21348089e-03 2.08511806e-03 1.85184839e-03 1.76912881e-03
 1.76328359e-03 1.70066251e-03 1.68521310e-03 1.74234647e-03
 1.94378735e-03 2.08671182e-03 2.19992798e-03 2.28377384e-03
 2.29725241e-03 2.30204999e-03 2.21967974e-03 2.12551950e-03
 2.13340881e-03 2.15978447e-03 2.27616295e-03 2.45721794e-03
 2.62604053e-03 2.77861413e-03 2.83171671e-03 2.83062554e-03
 2.88418891e-03 2.88518812e-03 2.75411190e-03 2.58370519e-03
 2.40678348e-03 2.23473298e-03 2.12436302e-03 1.96584314e-03
 1.72990276e-03 1.36484823e-03 1.13557047e-03 1.26607803e-03
 1.49730903e-03 1.57752787e-03 1.64400862e-03 1.65967310e-03
 1.62241173e-03 1.52387223e-03 1.42120430e-03 1.34431128e-03
 1.29110418e-03 1.30434408e-03 1.48875892e-03 1.62149660e-03
 1.69841028e-03 1.79165318e-03 1.89273761e-03 1.99855238e-03
 2.13423879e-03 2.27871370e-03 2.31385125e-03 2.27348943e-03
 2.25637164e-03 2.25879452e-03 2.18467996e-03 2.11071804e-03
 1.96647682e-03 1.77453595e-03 1.58515590e-03 1.46009998e-03
 1.30825656e-03 1.31541205e-03 1.30259605e-03 1.34951234e-03
 1.34302362e-03 1.31485285e-03 1.18090920e-03 1.12663158e-03
 1.13015218e-03 1.05503380e-03 1.03998564e-03 1.14378963e-03
 1.23473169e-03 1.27574872e-03 1.28734322e-03 1.27323583e-03
 1.26894644e-03 1.21542741e-03 1.18081117e-03 1.10867708e-03
 1.07312616e-03 1.09978406e-03 1.02534231e-03 9.61391169e-04
 9.06740049e-04 7.26181568e-04 7.07069013e-04 7.44052957e-04
 8.06481110e-04 8.44905882e-04 9.11063174e-04 1.04117914e-03
 1.04245924e-03 1.02506214e-03 1.01633537e-03 9.69343621e-04
 7.91420072e-04 5.74099637e-04 5.19334553e-04 4.11691878e-04
 4.13440309e-04 3.51866340e-04 3.10269164e-04 2.13189158e-04
 2.17551887e-04 6.09538919e-05 4.59670975e-05 0.00000000e+00
 5.32912020e-05 7.72852100e-05 5.08628019e-05 3.15919081e-06]"
7817.230831000000_48.228874615,760,1320,15.873130079354274,0.8536233374680173,0.17147687522948843,178.29543083494357,"[0.0835   0.082875 0.079125 0.072875 0.067125 0.06175  0.06175  0.059
 0.05725  0.057875 0.056375 0.0565   0.055625 0.056125 0.057    0.0555
 0.057125 0.056    0.05675  0.057375 0.05675  0.056625 0.05625  0.057375
 0.05525  0.058    0.05725  0.057    0.05825  0.057875 0.0575   0.05875
 0.059    0.06    ]",0.057374999999999954,0.06039338235294117,0.007484673822963775,0.12393201922725677,16.558105557922932,2.053375,35,1171.875,414.0625,953.125,1382.8125,1921.875,2640.625,968.75,1101.5625,1449.230398909637,"[ 203.125   210.9375  218.75    226.5625  234.375   242.1875  250.
  257.8125  265.625   273.4375  281.25    289.0625  296.875   304.6875
  312.5     320.3125  328.125   335.9375  343.75    351.5625  359.375
  367.1875  375.      382.8125  390.625   398.4375  406.25    414.0625
  421.875   429.6875  437.5     445.3125  453.125   460.9375  468.75
  476.5625  484.375   492.1875  500.      507.8125  515.625   523.4375
  531.25    539.0625  546.875   554.6875  562.5     570.3125  578.125
  585.9375  593.75    601.5625  609.375   617.1875  625.      632.8125
  640.625   648.4375  656.25    664.0625  671.875   679.6875  687.5
  695.3125  703.125   710.9375  718.75    726.5625  734.375   742.1875
  750.      757.8125  765.625   773.4375  781.25    789.0625  796.875
  804.6875  812.5     820.3125  828.125   835.9375  843.75    851.5625
  859.375   867.1875  875.      882.8125  890.625   898.4375  906.25
  914.0625  921.875   929.6875  937.5     945.3125  953.125   960.9375
  968.75    976.5625  984.375   992.1875 1000.     1007.8125 1015.625
 1023.4375 1031.25   1039.0625 1046.875  1054.6875 1062.5    1070.3125
 1078.125  1085.9375 1093.75   1101.5625 1109.375  1117.1875 1125.
 1132.8125 1140.625  1148.4375 1156.25   1164.0625 1171.875  1179.6875
 1187.5    1195.3125 1203.125  1210.9375 1218.75   1226.5625 1234.375
 1242.1875 1250.     1257.8125 1265.625  1273.4375 1281.25   1289.0625
 1296.875  1304.6875 1312.5    1320.3125 1328.125  1335.9375 1343.75
 1351.5625 1359.375  1367.1875 1375.     1382.8125 1390.625  1398.4375
 1406.25   1414.0625 1421.875  1429.6875 1437.5    1445.3125 1453.125
 1460.9375 1468.75   1476.5625 1484.375  1492.1875 1500.     1507.8125
 1515.625  1523.4375 1531.25   1539.0625 1546.875  1554.6875 1562.5
 1570.3125 1578.125  1585.9375 1593.75   1601.5625 1609.375  1617.1875
 1625.     1632.8125 1640.625  1648.4375 1656.25   1664.0625 1671.875
 1679.6875 1687.5    1695.3125 1703.125  1710.9375 1718.75   1726.5625
 1734.375  1742.1875 1750.     1757.8125 1765.625  1773.4375 1781.25
 1789.0625 1796.875  1804.6875 1812.5    1820.3125 1828.125  1835.9375
 1843.75   1851.5625 1859.375  1867.1875 1875.     1882.8125 1890.625
 1898.4375 1906.25   1914.0625 1921.875  1929.6875 1937.5    1945.3125
 1953.125  1960.9375 1968.75   1976.5625 1984.375  1992.1875 2000.
 2007.8125 2015.625  2023.4375 2031.25   2039.0625 2046.875  2054.6875
 2062.5    2070.3125 2078.125  2085.9375 2093.75   2101.5625 2109.375
 2117.1875 2125.     2132.8125 2140.625  2148.4375 2156.25   2164.0625
 2171.875  2179.6875 2187.5    2195.3125 2203.125  2210.9375 2218.75
 2226.5625 2234.375  2242.1875 2250.     2257.8125 2265.625  2273.4375
 2281.25   2289.0625 2296.875  2304.6875 2312.5    2320.3125 2328.125
 2335.9375 2343.75   2351.5625 2359.375  2367.1875 2375.     2382.8125
 2390.625  2398.4375 2406.25   2414.0625 2421.875  2429.6875 2437.5
 2445.3125 2453.125  2460.9375 2468.75   2476.5625 2484.375  2492.1875
 2500.     2507.8125 2515.625  2523.4375 2531.25   2539.0625 2546.875
 2554.6875 2562.5    2570.3125 2578.125  2585.9375 2593.75   2601.5625
 2609.375  2617.1875 2625.     2632.8125 2640.625  2648.4375 2656.25
 2664.0625 2671.875  2679.6875 2687.5    2695.3125 2703.125  2710.9375
 2718.75   2726.5625 2734.375  2742.1875 2750.     2757.8125 2765.625
 2773.4375 2781.25   2789.0625 2796.875  2804.6875 2812.5    2820.3125
 2828.125  2835.9375 2843.75   2851.5625 2859.375  2867.1875 2875.
 2882.8125 2890.625  2898.4375 2906.25   2914.0625 2921.875  2929.6875
 2937.5    2945.3125 2953.125  2960.9375 2968.75   2976.5625 2984.375
 2992.1875 3000.     3007.8125]","[0.0009575  0.00113815 0.00132088 0.00145694 0.00162173 0.00175587
 0.00191033 0.00204047 0.00203536 0.00197531 0.00190655 0.00191613
 0.00193164 0.0019619  0.00195689 0.00198288 0.00193982 0.00188167
 0.00186002 0.00190172 0.00189322 0.00193713 0.00201538 0.00206145
 0.00208661 0.00205851 0.00199488 0.00202193 0.00216152 0.00215708
 0.00198206 0.00183694 0.00172674 0.00178812 0.00191774 0.0021196
 0.00227931 0.00241074 0.00257296 0.00272771 0.00285133 0.00293636
 0.00288875 0.0028782  0.00288003 0.00282421 0.00279478 0.00274325
 0.00261758 0.00246158 0.0023243  0.00222044 0.00221297 0.00219217
 0.0021422  0.00217633 0.00232385 0.0025814  0.00280518 0.002936
 0.00304362 0.00316367 0.00328687 0.00326299 0.00317451 0.00307787
 0.00298842 0.0030075  0.00317491 0.00339097 0.00360823 0.00372148
 0.00382164 0.00384517 0.00379177 0.00362102 0.0033647  0.00302759
 0.00261949 0.00256474 0.00290743 0.00325997 0.00341046 0.00364163
 0.00377883 0.00381247 0.00379616 0.00369654 0.00351782 0.00327436
 0.00300847 0.00270684 0.00282579 0.00321793 0.00360133 0.0038262
 0.00398294 0.00421216 0.00438043 0.00448263 0.00453575 0.00455107
 0.0045149  0.00444139 0.00440208 0.00439338 0.00443914 0.00442648
 0.00429629 0.00407483 0.0037525  0.00336358 0.00329085 0.00371481
 0.00425289 0.00463921 0.00489717 0.0050631  0.00520223 0.00536007
 0.00550269 0.00560607 0.00567661 0.00572801 0.0057506  0.00571716
 0.00561422 0.00546152 0.00538992 0.00542498 0.00544428 0.0053921
 0.00527151 0.0051058  0.00491914 0.00468895 0.00435625 0.00402453
 0.00364506 0.0033293  0.00322016 0.00336725 0.00361967 0.0039416
 0.0041787  0.00427016 0.00429985 0.00428277 0.00437316 0.00434189
 0.00415182 0.00400288 0.00385244 0.003767   0.00382282 0.00391709
 0.00395367 0.00399293 0.00402969 0.00399572 0.00385622 0.00390242
 0.0039003  0.00385795 0.00382086 0.00375565 0.00362676 0.00338556
 0.0031187  0.00295902 0.00271999 0.00263723 0.00270651 0.00289975
 0.00309155 0.0032149  0.0033396  0.00341195 0.00339711 0.00333108
 0.00334183 0.00341076 0.00347033 0.00358916 0.00362421 0.00365071
 0.00371418 0.00371125 0.00362863 0.00342933 0.00325186 0.00326093
 0.00351805 0.00377312 0.0039605  0.00428452 0.00445549 0.00447675
 0.00441697 0.00429695 0.00433491 0.00434965 0.00423328 0.00422977
 0.00430668 0.00431884 0.00423345 0.0041216  0.00399593 0.00380004
 0.00356612 0.00331125 0.00319573 0.00305605 0.00292537 0.00290365
 0.00295295 0.0029767  0.0030233  0.00299861 0.00291483 0.00287009
 0.00286863 0.00290622 0.00288468 0.00289962 0.00288108 0.00282383
 0.00274942 0.00264835 0.00265478 0.00270126 0.00266196 0.00256731
 0.00241444 0.00219157 0.00202613 0.0018758  0.00183924 0.00200042
 0.00217549 0.00227864 0.0023547  0.0024673  0.00249603 0.00242135
 0.00231474 0.00218235 0.00220767 0.00225623 0.00230627 0.00241206
 0.00249925 0.00253778 0.00256042 0.00248948 0.00236173 0.00227687
 0.00221672 0.00218261 0.00221579 0.00223204 0.00231226 0.00237318
 0.00244063 0.00255458 0.00268172 0.00279805 0.00278059 0.00273421
 0.00265447 0.00259526 0.00249579 0.00240993 0.00232935 0.00219431
 0.00198798 0.00168274 0.00158752 0.00155676 0.00160535 0.0016591
 0.00169038 0.00164472 0.00156734 0.00142348 0.00118837 0.00102269
 0.00104114 0.00106586 0.00119801 0.00129997 0.0015216  0.00168269
 0.0017651  0.00178144 0.00185231 0.00200049 0.00214876 0.00223412
 0.00224523 0.00217683 0.00217972 0.00216153 0.00212606 0.00195553
 0.00175321 0.00169452 0.0016781  0.00170211 0.00166354 0.0014972
 0.00134927 0.00119846 0.00105299 0.00105907 0.00122101 0.00137281
 0.00145078 0.0014972  0.00159267 0.00159364 0.0015394  0.00150491
 0.00142732 0.00135714 0.00130431 0.00142486 0.00137709 0.0012701
 0.00128593 0.00126083 0.00114239 0.00110437 0.00114237 0.00110786
 0.00101535 0.00095929 0.00095931 0.00096268 0.00104466 0.00113591
 0.00119594 0.00127635 0.00129684 0.00122266 0.00112407 0.000966
 0.00081681 0.00074962 0.00078516 0.00072313 0.00060515 0.00038682
 0.00039182 0.0004392  0.00049673 0.00040758 0.00021705 0.        ]"
